frame,type,left,reference,left_label,reference_label,iou
adasind_270517.jpg,mismatching_attributes,1,5,Car,Car,0.903
adasind_270517.jpg,extra_annotation,4,,Pedestrian,,N/A
adasind_271039.jpg,mismatching_attributes,10,5,Pedestrian,Pedestrian,0.810
adasind_271039.jpg,mismatching_attributes,4,4,Pedestrian,Pedestrian,0.769
adasind_271039.jpg,mismatching_attributes,5,9,ThreeWheeler,ThreeWheeler,0.697
adasind_271039.jpg,extra_annotation,2,,Pedestrian,,N/A
adasind_271039.jpg,extra_annotation,3,,Bike,,N/A
adasind_271039.jpg,extra_annotation,7,,ThreeWheeler,,N/A
adasind_271039.jpg,extra_annotation,8,,ThreeWheeler,,N/A
adasind_271039.jpg,extra_annotation,14,,Pedestrian,,N/A
adasind_271039.jpg,missing_annotation,,6,,ThreeWheeler,N/A
adasind_271039.jpg,missing_annotation,,8,,Pedestrian,N/A
adasind_295948.jpg,mismatching_label,1,1,Truck,Car,0.843
