id,date,question,decision,rationale,status
D1,2026-09-28,"Parking: có gán dải sơn dọc giữa dãy ô đôi (941,507)-(0,542) là parking_line không?","Giữ là parking_line và ghi vào ca chưa chắc trong parking/observations.md","Dải tạo đầu ô (cạnh ngắn) cho cả hai phía của dãy ô đôi; ghi rõ nó có thể bị xem là vạch dọc dãy để người soát xét",decided
D2,2026-09-28,"Nhãn C0 và B4-center được soạn thế nào?","Nhãn được soạn nháp thành XML ngoài CVAT, upload vào CVAT, tôi soát và chỉnh trên CVAT rồi mới export","lock.txt ghi prefill_kept=29, new=0 vì mọi hình vào CVAT qua upload file; ghi lại để minh bạch cách tạo nhãn",decided
D3,2026-09-28,"B4-center bản nháp: polygon vành đen bị gán reason=ego_body; sửa thế nào?","Thay bằng 2 polygon lens_border gốc mỗi frame; ego_body chỉ ở 270517 và 295948","selfqc báo thiếu lens_border cả 3 frame và ego_body thừa ở 271039 (R07, R08); lỗi P0 nên sửa trước khi khóa",decided
D4,2026-09-28,"295948 người khăn caro đạp xe sát camera: ego_body hay Bike?","Gán Bike (truncated) theo R03, không để ego_body","Thấy bánh xe và chân trên bàn đạp; reference R3 cũng là Bike nên trả lời QA r2_qa L6 là giữ nhãn",decided
D5,2026-09-28,"Rework: sửa những ca nào?","Chỉ xóa 270517 L4 (E1, P1); không sửa các ca E0/E4/E5 để giống reference","Chỉ ca có why=E1 và action=rework mới sửa; delta.md: spurious ở mid từ 2 giảm còn 1, matched không đổi",decided
D6,2026-09-28,"295948 reference ego_body hình chữ nhật trùm 4 vật ở xa","Escalate cho data_ops (ticket 1), không sửa nhãn của tôi","R07/R09: polygon loại mất 4 vật hợp lệ khỏi so sánh, mức P0; lỗi thuộc reference",escalated
D7,2026-09-28,"271039 auto L7 không có trong reference","Giữ box và escalate (ticket 2)","Auto cao 78 px thấy rõ, model M11 cũng thấy; R01 yêu cầu box",escalated
D8,2026-09-28,"Model gán 5 xe ba bánh thành Car/Truck","Escalate cho ai_team (ticket 3), không dùng model làm pre-label cho ThreeWheeler","Lỗi lặp ở 5 vật trên 2 frame, đủ để nêu giả thuyết E4; cần đánh giá thêm trên nhiều frame",escalated
D9,2026-09-28,"Phân công nhóm","Huy gán nhãn; Hùng QA/QC; Việt Anh viết report","Ghi trong 00_setup/roles.md để người chấm truy được ai làm phần nào",decided
