round,slice,frame,object_ref,cell,what,why,severity,owner,rule_id,evidence,action,rules_version,note
calib,C0,adasind_019560.jpg,L4+R5,na,BOX_GEOMETRY,E1_annotator_error,P1,annotator,R02;R04,"L4 x362-425,y730-838 chỉ phủ thùng mui đỏ; R5 x327-457,y721-849 phủ cả đầu xe đạp phía trước và khung sau của xích lô",rework,v1.0.0,"Xích lô gồm đầu xe đạp + thùng chở khách nên là một ThreeWheeler (R04); tôi tách nhầm đầu xe thành Bike (xem L5). C0 đã khóa, áp dụng cách đọc này cho slice P2."
calib,C0,adasind_019560.jpg,L5,na,SPURIOUS,E1_annotator_error,P1,annotator,R04,"L5 x322-360,y765-836 nằm trong R5; crop cho thấy đây là bánh trước và khung xe đạp của chính chiếc xích lô mui đỏ",rework,v1.0.0,Không box phần đầu xe đạp của xích lô thành Bike riêng; khi gặp xe ba bánh đạp chân phải lần theo khung nối trước khi tách vật.
calib,C0,adasind_019560.jpg,L6,na,SPURIOUS,E1_annotator_error,P1,annotator,R03,"Người áo vàng x626-686: hông đặt trên yên xe đạp, hai chân chống đất; R1 là một Bike x595-730,y739-911 gồm người + xe",rework,v1.0.0,"Tôi đọc là đứng dắt xe (Pedestrian + Bike) nhưng người đang ngồi trên yên, chỉ dừng chân chống đất, nên theo R03 là một Bike. Ca dừng xe chân chạm đất nên ghi rõ vào guideline patch."
calib,C0,adasind_019560.jpg,L8,na,SPURIOUS,E5_unresolved,P1,qa,R01,"L8 x596-632,y784-832: scooter đỗ sau người áo vàng, thấy gương, đầu đèn và bánh trước; phần nhìn thấy cao khoảng 47-48 px, sát ngưỡng H=40",keep_with_reason,v1.0.0,Reference không có box này. Có thể reference bỏ sót (E0) hoặc người làm reference đo phần nhìn thấy <40 px do bị che. Cần người soát thứ hai đo lại chiều cao phần nhìn thấy trước khi kết luận E0.
r2_qa,B4-center,adasind_295948.jpg,L6,L_only,IGNORE_SCOPE,,P0,qa,R07,"Box Bike x572-1080,y608-1723 sát camera; thấy bánh xe đạp và chân trên bàn đạp",,v1.0.0,Có thể là người đạp xe ego (ego_body) chứ không phải vật ngoài; cần phân xử ở P4
r2_qa,B4-center,adasind_295948.jpg,L7,L_only,WRONG_CLASS,,P1,qa,R03,"L7 Pedestrian x0-100,y897-1035 và L2 Bike x0-140,y1005-1200 tách riêng; tay đặt trên thùng hàng",,v1.0.0,Không rõ ngồi trên yên hay dắt xe; nếu ngồi thì gộp thành một Bike
r2_qa,B4-center,adasind_271039.jpg,L3,L_only,WRONG_CLASS,,P1,qa,R03,"Cụm x395-462,y820-947 sau ô tô đỏ; L3 Bike chồng lên L2 và L14",,v1.0.0,Không rõ người ngồi trên xe máy hay đứng cạnh; có thể cân nhắc crowd_or_group (R06)
r2_qa,B4-center,adasind_270517.jpg,L5,L_only,BOX_GEOMETRY,,P1,qa,R02,"Box x805-876,y816-913; phần xe bắt đầu khoảng y845",,v1.0.0,Mép trên box dư khoảng 30 px nền cửa hàng
r2_qa,B4-center,adasind_270517.jpg,L4,L_only,SPURIOUS,,P1,qa,R06,"Vật x0-12,y798-885 bị biên khung cắt, chỉ rộng 12 px",,v1.0.0,Không đọc được class chắc chắn; có thể thay bằng ignore_region unreadable
r1_craft,B4-center,adasind_270517.jpg,L4,na,SPURIOUS,,,,,,,,
r1_craft,B4-center,adasind_271039.jpg,L9,na,IGNORE_SCOPE,,,,,,,,
r1_craft,B4-center,adasind_271039.jpg,L2+R8,na,BOX_GEOMETRY,,,,,,,,
r1_craft,B4-center,adasind_271039.jpg,L3,na,SPURIOUS,,,,,,,,
r1_craft,B4-center,adasind_271039.jpg,L7,na,SPURIOUS,,,,,,,,
r1_craft,B4-center,adasind_271039.jpg,L8+R6,na,BOX_GEOMETRY,,,,,,,,
r1_craft,B4-center,adasind_271039.jpg,L14,na,SPURIOUS,,,,,,,,
r1_craft,B4-center,adasind_295948.jpg,L2,na,IGNORE_SCOPE,,,,,,,,
r1_craft,B4-center,adasind_295948.jpg,L3,na,IGNORE_SCOPE,,,,,,,,
r1_craft,B4-center,adasind_295948.jpg,L4,na,IGNORE_SCOPE,,,,,,,,
r1_craft,B4-center,adasind_295948.jpg,L7,na,IGNORE_SCOPE,,,,,,,,
r1_craft,B4-center,adasind_295948.jpg,L1+R1,na,WRONG_CLASS,,,,,,,,
r3_diag,B4-center,adasind_270517.jpg,L7+R4,LR_noM,MISSING,E4_model_domain,P1,ai_team,R04,"L7 auto đang chạy x173-268; M6 Car + M9 Truck trùng vị trí. Model không có class ThreeWheeler: đoán auto thành Car/Truck ở 5 vật (270517 M6/M7/M9, 271039 M9/M11/M12)",escalate,v1.0.0,Model không bỏ sót vật mà gán sai class vì miền huấn luyện không có xe ba bánh.
r3_diag,B4-center,adasind_270517.jpg,L2+R2,LR_noM,MISSING,E4_model_domain,P1,ai_team,R04,"L2 auto vàng lớn x458-805; M7 Car x450-822. Model không có class ThreeWheeler: đoán auto thành Car/Truck ở 5 vật (270517 M6/M7/M9, 271039 M9/M11/M12)",escalate,v1.0.0,Cùng mẫu lỗi với L7+R4.
r3_diag,B4-center,adasind_270517.jpg,L4,L_only,SPURIOUS,E1_annotator_error,P1,annotator,R06,"Vật x0-12,y798-885 bị biên khung cắt, không đọc được class; R và M đều không có. QA r2_qa đã nêu.",rework,v1.0.0,Xóa box; vật không đọc được không nên thành Pedestrian (R06 unreadable).
r3_diag,B4-center,adasind_270517.jpg,M5,M_only,SPURIOUS,E4_model_domain,P2,ai_team,R03,M5 Pedestrian x673-790: người lái ngồi trong auto L2,keep_with_reason,v1.0.0,R03: người ngồi trong phương tiện không box riêng; model không biết luật này.
r3_diag,B4-center,adasind_270517.jpg,M6,M_only,SPURIOUS,E4_model_domain,P1,ai_team,R04,"M6 Car x170-269 trùng L7 ThreeWheeler. Model không có class ThreeWheeler: đoán auto thành Car/Truck ở 5 vật (270517 M6/M7/M9, 271039 M9/M11/M12)",keep_with_reason,v1.0.0,Nhãn người giữ nguyên ThreeWheeler.
r3_diag,B4-center,adasind_270517.jpg,M7,M_only,SPURIOUS,E4_model_domain,P1,ai_team,R04,"M7 Car x450-822 trùng L2 ThreeWheeler. Model không có class ThreeWheeler: đoán auto thành Car/Truck ở 5 vật (270517 M6/M7/M9, 271039 M9/M11/M12)",keep_with_reason,v1.0.0,Nhãn người giữ nguyên.
r3_diag,B4-center,adasind_270517.jpg,M9,M_only,SPURIOUS,E4_model_domain,P1,ai_team,R04,M9 Truck x170-269 trùng M6 và L7: một vật hai box khác class,keep_with_reason,v1.0.0,Model vừa sai class vừa trùng box.
r3_diag,B4-center,adasind_270517.jpg,M10,M_only,SPURIOUS,E4_model_domain,P2,ai_team,R03,M10 Pedestrian x673-793 cũng là người lái trong auto L2 (trùng M5),keep_with_reason,v1.0.0,Như M5.
r3_diag,B4-center,adasind_270517.jpg,M11,M_only,SPURIOUS,E4_model_domain,P2,ai_team,R03,M11 Pedestrian x653-681 nằm trong thân auto L2,keep_with_reason,v1.0.0,"Người ngồi trong xe, R03 không box."
r3_diag,B4-center,adasind_271039.jpg,L5+R9,LR_noM,MISSING,E4_model_domain,P1,ai_team,R04,"L5 auto mép trái x0-36; M9 Car x2-33. Model không có class ThreeWheeler: đoán auto thành Car/Truck ở 5 vật (270517 M6/M7/M9, 271039 M9/M11/M12)",escalate,v1.0.0,Cùng mẫu lỗi class ThreeWheeler.
r3_diag,B4-center,adasind_271039.jpg,L12+R10,LR_noM,MISSING,E5_unresolved,P2,ai_team,R01,"Người áo vàng x267-285 bị người áo đen che, phần thấy rộng khoảng 18 px; M không có box",keep_with_reason,v1.0.0,Một ca che khuất nặng không đủ kết luận E4; cần xem thêm ca occluded trên nhiều frame.
r3_diag,B4-center,adasind_271039.jpg,L2,L_only,SPURIOUS,E5_unresolved,P1,qa,R03;R06,Cụm x391-462: R8 là một Pedestrian x391-439; tôi tách L14 x395-421 và L2 x412-437; model cũng tách M7 + M8. Crop thấy một người áo sáng phía sau và một người áo tối đang bước,keep_with_reason,v1.0.0,"L và M thấy hai người, R thấy một. Cần người soát thứ hai xem ảnh gốc; nếu không tách được thì dùng crowd_or_group."
r3_diag,B4-center,adasind_271039.jpg,L3,L_only,SPURIOUS,E5_unresolved,P1,qa,R03;R06,"L3 Bike x420-462,y820-947; R đặt ignore unreadable x436-462,y824-872 trên người áo trắng và không có box xe máy; crop thấy bánh xe tối ở y890-960",escalate,v1.0.0,Có bánh xe hai bánh nhìn thấy nhưng reference xem là không đọc được; cần quy ước cho rider bị che nửa người. Trả lời QA r2_qa L3.
r3_diag,B4-center,adasind_271039.jpg,L7,L_only,SPURIOUS,E0_reference_defect,P1,qa,R01;R04,"L7 auto mui vàng x199-284,y821-899 cao 78 px, thân xe thấy rõ sau đám người; M11 Car x192-314 cũng thấy vật này; R không có box hay ignore",escalate,v1.0.0,Reference thiếu một ThreeWheeler hợp lệ theo R01. Model cũng thấy vật (dù sai class) nên không phải người gán tưởng tượng.
r3_diag,B4-center,adasind_271039.jpg,L8,L_only,SPURIOUS,E0_reference_defect,P2,qa,R02,"L8 x108-162,y808-872 vs R6 x98-149,y825-867; crop cho thấy mui trắng của auto bắt đầu ở y810 và thân xe kéo tới x160",keep_with_reason,v1.0.0,R6 cắt mất mui và lệch trái nên IoU < 0.5; giữ box theo phần nhìn thấy (R02).
r3_diag,B4-center,adasind_271039.jpg,L14+M8,LM_noR,SPURIOUS,E5_unresolved,P1,qa,R03;R06,Cùng cụm với L2: L14 x395-421 khớp M8 x393-415; R gộp thành một người,keep_with_reason,v1.0.0,Xem dòng L2.
r3_diag,B4-center,adasind_271039.jpg,R6,R_only,MISSING,E0_reference_defect,P2,qa,R02,"R6 x98-149,y825-867 lệch trái và thấp hơn auto nhìn thấy (x107-160,y810-870)",keep_with_reason,v1.0.0,"Cùng vật với L8, chỉ khác hình học."
r3_diag,B4-center,adasind_271039.jpg,R8+M7,RM_noL,MISSING,E5_unresolved,P1,qa,R03;R06,R8 x391-439 và M7 x392-439 là một box cho cả cụm; L tách hai người,keep_with_reason,v1.0.0,Xem dòng L2.
r3_diag,B4-center,adasind_271039.jpg,M9,M_only,SPURIOUS,E4_model_domain,P1,ai_team,R04,"M9 Car x2-33 trên auto L5/R9. Model không có class ThreeWheeler: đoán auto thành Car/Truck ở 5 vật (270517 M6/M7/M9, 271039 M9/M11/M12)",keep_with_reason,v1.0.0,Sai class do miền.
r3_diag,B4-center,adasind_271039.jpg,M11,M_only,SPURIOUS,E4_model_domain,P1,ai_team,R04,"M11 Car x192-314 trên auto L7. Model không có class ThreeWheeler: đoán auto thành Car/Truck ở 5 vật (270517 M6/M7/M9, 271039 M9/M11/M12)",keep_with_reason,v1.0.0,Là bằng chứng phụ cho dòng L7 (E0).
r3_diag,B4-center,adasind_271039.jpg,M12,M_only,SPURIOUS,E4_model_domain,P1,ai_team,R04,"M12 Car x106-160 trên auto L8/R6. Model không có class ThreeWheeler: đoán auto thành Car/Truck ở 5 vật (270517 M6/M7/M9, 271039 M9/M11/M12)",keep_with_reason,v1.0.0,Sai class do miền.
r3_diag,B4-center,adasind_295948.jpg,L6+R3,LR_noM,MISSING,E5_unresolved,P1,ai_team,R03,"Người đạp xe khăn caro x572-1080,y608-1723 sát camera, bị cắt; L và R cùng gán Bike, M không có box tương ứng (M9 lại box người ngồi trên xe ego thành Pedestrian)",keep_with_reason,v1.0.0,"R xác nhận đây là Bike, không phải ego_body: trả lời QA r2_qa L6 là giữ nhãn. Model bỏ sót vật cận camera; một ca chưa đủ kết luận E4."
r3_diag,B4-center,adasind_295948.jpg,L1+M2,LM_noR,SPURIOUS,E0_reference_defect,P1,guideline,R04,"L1 x460-658,y899-1060 là xe tải nhỏ có thùng hàng và thành thùng; R1 gán Car, M2 gán Truck",escalate,v1.0.0,R04: pickup/xe tải nhỏ -> Truck. Reference gán Car mâu thuẫn R04; cần chốt ranh giới xe tải nhỏ và bán tải chở người trong guideline patch.
r3_diag,B4-center,adasind_295948.jpg,R1,R_only,MISSING,E0_reference_defect,P1,guideline,R04,R1 Car x455-654 cùng vật với L1 Truck (IoU 0.843),escalate,v1.0.0,Xem dòng L1+M2.
r3_diag,B4-center,adasind_295948.jpg,M6,M_only,SPURIOUS,E5_unresolved,P2,ai_team,R01,"M6 Car x422-440,y917-965 nằm giữa hai xe tải; không thấy xe con tách biệt trên ảnh",keep_with_reason,v1.0.0,Có thể là gương/đuôi xe tải; một box không đủ kết luận.
r3_diag,B4-center,adasind_295948.jpg,L4,L_only,IGNORE_SCOPE,E0_reference_defect,P0,data_ops,R07;R09,"ego_body của R là hình chữ nhật x0-229,y915-1736; phủ 100% người che ô L4 x147-192, người áo vàng L3 x110-140 và xe đạp chở hàng L2, 87% L7 - các vật ở xa không thuộc thân xe ego; M cũng thấy M3/M5/M7",escalate,v1.0.0,Polygon ego_body quá rộng làm mất 4 vật khỏi phép so sánh (P0). Trả lời QA r2_qa L7: chưa kết luận R03 vì reference đang loại vùng này.
r3_diag,B4-center,adasind_270517.jpg,L5+R7,LRM,BOX_GEOMETRY,E1_annotator_error,P2,annotator,R02,"L5 x805-876,y816-913 vs R7 x807-878,y826-913 và M8 x811-878,y847-914; mép trên của tôi dư nền cửa hàng",keep_with_reason,v1.0.0,"Trả lời QA r2_qa L5: có dư mép trên nhưng vẫn khớp (IoU > 0.5), không đổi quyết định chính; ưu tiên P2."
